<?xml version="1.0"?>
<ImageParamConfig xmlns:xsi="http://www.w3.org/2001/XMLSchema-instance" xmlns:xsd="http://www.w3.org/2001/XMLSchema" Version="1.0">
  <GainLevel>50</GainLevel>
  <DepthLevel>4</DepthLevel>
  <DynamicRange>60</DynamicRange>
  <IsImageEnhancement>true</IsImageEnhancement>
  <SRILevel>6</SRILevel>
  <CorrelationLevel>2</CorrelationLevel>
  <GrayLevel>4</GrayLevel>
  <PseudocolorLevel>0</PseudocolorLevel>
  <L_R>0</L_R>
  <T_B>0</T_B>
  <Pen_Res>0</Pen_Res>
</ImageParamConfig>