<?xml version="1.0"?>
<ProbeConfig xmlns:xsi="http://www.w3.org/2001/XMLSchema-instance" xmlns:xsd="http://www.w3.org/2001/XMLSchema" Version="1.0">
  <ProbeInfoList>
    <ProbeInfo>
      <ProberName>L10-5</ProberName>
      <ProberFrequency>7.5MHz</ProberFrequency>
      <ProberShowName>L10-5</ProberShowName>
      <ProberCanShow>true</ProberCanShow>
      <IsSupportPW>true</IsSupportPW>
    </ProbeInfo>
    <ProbeInfo>
      <ProberName>L10-5S</ProberName>
      <ProberFrequency>8MHz</ProberFrequency>
      <ProberShowName>L10-5S</ProberShowName>
      <ProberCanShow>false</ProberCanShow>
      <IsSupportPW>true</IsSupportPW>
    </ProbeInfo>
    <ProbeInfo>
      <ProberName>C5-2</ProberName>
      <ProberFrequency>3.5MHz</ProberFrequency>
      <ProberShowName>C5-2</ProberShowName>
      <ProberCanShow>false</ProberCanShow>
      <IsSupportPW>true</IsSupportPW>
    </ProbeInfo>
    <ProbeInfo>
      <ProberName>C5-2E</ProberName>
      <ProberFrequency>3.5MHz</ProberFrequency>
      <ProberShowName>C5-2</ProberShowName>
      <ProberCanShow>false</ProberCanShow>
      <IsSupportPW>true</IsSupportPW>
    </ProbeInfo>
    <ProbeInfo>
      <ProberName>L12-5</ProberName>
      <ProberFrequency>8.5MHz</ProberFrequency>
      <ProberShowName>L10-5S</ProberShowName>
      <ProberCanShow>false</ProberCanShow>
      <IsSupportPW>true</IsSupportPW>
    </ProbeInfo>
    <ProbeInfo>
      <ProberName>UL10-5</ProberName>
      <ProberFrequency>7.5MHz</ProberFrequency>
      <ProberShowName>UL10-5</ProberShowName>
      <ProberCanShow>false</ProberCanShow>
      <IsSupportPW>true</IsSupportPW>
    </ProbeInfo>
    <ProbeInfo>
      <ProberName>UL10-5E</ProberName>
      <ProberFrequency>7.5MHz</ProberFrequency>
      <ProberShowName>UL10-5</ProberShowName>
      <ProberCanShow>false</ProberCanShow>
      <IsSupportPW>true</IsSupportPW>
    </ProbeInfo>
    <ProbeInfo>
      <ProberName>UL10-5H</ProberName>
      <ProberFrequency>7.5MHz</ProberFrequency>
      <ProberShowName>UL10-5</ProberShowName>
      <ProberCanShow>false</ProberCanShow>
      <IsSupportPW>true</IsSupportPW>
    </ProbeInfo>
    <ProbeInfo>
      <ProberName>UL10-5S</ProberName>
      <ProberFrequency>8MHz</ProberFrequency>
      <ProberShowName>UL10-5S</ProberShowName>
      <ProberCanShow>false</ProberCanShow>
      <IsSupportPW>true</IsSupportPW>
    </ProbeInfo>
    <ProbeInfo>
      <ProberName>UC5-2</ProberName>
      <ProberFrequency>3.5MHz</ProberFrequency>
      <ProberShowName>UC5-2</ProberShowName>
      <ProberCanShow>false</ProberCanShow>
      <IsSupportPW>true</IsSupportPW>
    </ProbeInfo>
    <ProbeInfo>
      <ProberName>UC5-2A</ProberName>
      <ProberFrequency>3.5MHz</ProberFrequency>
      <ProberShowName>UC5-2</ProberShowName>
      <ProberCanShow>false</ProberCanShow>
      <IsSupportPW>true</IsSupportPW>
    </ProbeInfo>
    <ProbeInfo>
      <ProberName>UC5-2E</ProberName>
      <ProberFrequency>3.5MHz</ProberFrequency>
      <ProberShowName>UC5-2</ProberShowName>
      <ProberCanShow>false</ProberCanShow>
      <IsSupportPW>true</IsSupportPW>
    </ProbeInfo>
    <ProbeInfo>
      <ProberName>UC7-3M</ProberName>
      <ProberFrequency>5MHz</ProberFrequency>
      <ProberShowName>UC7-3M</ProberShowName>
      <ProberCanShow>false</ProberCanShow>
      <IsSupportPW>true</IsSupportPW>
    </ProbeInfo>
    <ProbeInfo>
      <ProberName>UEV9-4E</ProberName>
      <ProberFrequency>6.5MHz</ProberFrequency>
      <ProberShowName>UEV9-4</ProberShowName>
      <ProberCanShow>false</ProberCanShow>
      <IsSupportPW>true</IsSupportPW>
    </ProbeInfo>
    <ProbeInfo>
      <ProberName>UL12-5V</ProberName>
      <ProberFrequency>8.5MHz</ProberFrequency>
      <ProberShowName>UL10-5S</ProberShowName>
      <ProberCanShow>false</ProberCanShow>
      <IsSupportPW>true</IsSupportPW>
    </ProbeInfo>
    <ProbeInfo>
      <ProberName>UCL</ProberName>
      <ProberFrequency>8.5MHz</ProberFrequency>
      <ProberShowName>UCL</ProberShowName>
      <ProberCanShow>false</ProberCanShow>
      <IsSupportPW>true</IsSupportPW>
    </ProbeInfo>
  </ProbeInfoList>
</ProbeConfig>